{"A": [3917.0, 3079, 0.22553792909965037], "B": [1087.0, 939, 0.0631059081934037], "C": [7404.0, 5471, 0.4251551538439618], "DQB1": [74.0, 67, 0.005775838719858291], "DRA": [18.0, 10, 0.0014875769040016585], "E": [2257.0, 897, 0.13163477451485156], "G": [2.0, 2, 0.0001243304197051534], "HFE": [2188.0, 3, 0.1321201301844453], "L": [17.0, 3, 0.0009806334973916043], "V": [3.0, 2, 0.00036685890765998354], "DMB": [6.0, 3, 0.000478954685000534], "DMA": [66.0, 23, 0.005308719103975385], "DPA2": [1.0, 1, 8.625104832206069e-05], "W": [7.0, 3, 0.00047281424032104004], "J": [21.0, 14, 0.001212477065590393], "F": [46.0, 26, 0.0027936722836918756], "DOA": [4.0, 3, 0.0003358407352991792], "DRB1": [14.0, 13, 0.0011050040672671497], "DPA1": [8.0, 8, 0.0006459465483532107], "DRB4": [1.0, 1, 7.892886194765355e-05], "DPB1": [6.0, 6, 0.0004882009144406988], "DQA1": [5.0, 4, 0.0004116016824223339], "DOB": [1.0, 1, 7.691243116796896e-05], "DRB5": [2.0, 2, 0.0001578577238953071], "H": [1.0, 1, 5.7684323375976725e-05]}