{"A": [3497.0, 2610, 0.23735343125742192], "B": [3206.0, 2179, 0.21940062503297503], "C": [4003.0, 3050, 0.27095707369912736], "DRA": [13.0, 8, 0.0012664386010673725], "DRB7": [1.0, 1, 9.350695201395039e-05], "E": [1292.0, 546, 0.0888250485752888], "F": [156.0, 42, 0.011168017634772796], "HFE": [2200.0, 3, 0.15659511906519638], "K": [2.0, 2, 0.00013636786963425155], "T": [4.0, 2, 0.0006494556928550629], "DMA": [96.0, 21, 0.00910229505406027], "J": [9.0, 4, 0.0006125345815489188], "L": [11.0, 2, 0.0007479702995495467], "DOB": [2.0, 2, 0.0001813261332241325], "W": [3.0, 3, 0.00023886231011255917], "DQA2": [1.0, 1, 9.703781348322716e-05], "DRB1": [6.0, 5, 0.0005582400056563181], "G": [1.0, 1, 7.327929277789427e-05], "DOA": [1.0, 1, 9.897083765619981e-05], "DRB3": [2.0, 2, 0.00018608000188543938], "DMB": [2.0, 2, 0.00018819454736141027], "H": [2.0, 2, 0.0001359945999180994], "DPA1": [8.0, 7, 0.0007614308123128323], "DPB1": [4.0, 4, 0.0003836552934626433], "DQA1": [1.0, 1, 9.703781348322716e-05], "DQB1": [1.0, 1, 9.200622315446724e-05]}