{"A": [14217.0, 8891, 0.42677416278923175], "B": [3839.0, 2748, 0.11619373927014336], "C": [7604.0, 5683, 0.22763932280267962], "DRA": [7.0, 5, 0.00030159844678243855], "E": [3984.0, 1271, 0.12113859807138176], "HFE": [2977.0, 3, 0.09371835321252005], "L": [89.0, 5, 0.002676528968871523], "DMA": [168.0, 27, 0.007044971352322609], "V": [2.0, 1, 0.00012750638949354267], "W": [5.0, 3, 0.00017607052181667083], "DOA": [5.0, 4, 0.0002188605689513996], "H": [1.0, 1, 3.007335920080363e-05], "F": [57.0, 24, 0.0018047482190130689], "K": [2.0, 2, 6.03118054603491e-05], "DMB": [8.0, 8, 0.00033293335034425035], "J": [5.0, 4, 0.00015050411727890768], "DPB1": [6.0, 6, 0.0002545204763249481], "DQB1": [22.0, 22, 0.0008952207864812064], "DPA1": [8.0, 8, 0.00033676017046314975], "DRB1": [2.0, 1, 8.229813154576974e-05], "DQA2": [1.0, 1, 4.2917189692813516e-05]}