{"A": [1477.0, 1232, 0.17758724296397596], "B": [268.0, 245, 0.03248931268961631], "C": [913.0, 828, 0.1094755329850741], "DOA": [11.0, 10, 0.0019285518458945995], "DPA1": [330.0, 181, 0.055639829117189024], "DPA2": [1.0, 1, 0.00018010660299623384], "DPB1": [131.0, 113, 0.02225788460683058], "DQB1": [89.0, 84, 0.014505696863784329], "DRA": [901.0, 18, 0.15548803155112642], "DRB1": [326.0, 121, 0.053730229261890194], "E": [872.0, 423, 0.10619909416671656], "HFE": [1269.0, 3, 0.1600105249811154], "K": [2.0, 2, 0.00024157024701965127], "L": [16.0, 4, 0.001927272116733422], "V": [3.0, 2, 0.0007660627079085459], "G": [4.0, 3, 0.000519245388382456], "S": [1.0, 1, 0.0004963087969783436], "DRB4": [53.0, 18, 0.008735282671411595], "DMB": [26.0, 8, 0.004333928838260385], "DPB2": [2.0, 1, 0.00034025293813463766], "DMA": [245.0, 34, 0.04115069249246648], "P": [3.0, 2, 0.0005410579508042599], "W": [4.0, 3, 0.0005641800854540146], "T": [1.0, 1, 0.00028762122003538], "DOB": [5.0, 5, 0.0008030300486389259], "F": [22.0, 14, 0.00279000872230285], "DRB5": [161.0, 21, 0.02653548132258994], "J": [11.0, 5, 0.0013262096255329985], "DQA2": [4.0, 4, 0.0006875944791470802], "DQA1": [106.0, 64, 0.01822125369739763], "H": [2.0, 2, 0.00024090901459167775]}