{"A": [22131.0, 12121, 0.20040761182338557], "B": [22165.0, 9465, 0.2023743051274965], "C": [22627.0, 13030, 0.20434083916938423], "DMA": [2203.0, 61, 0.027868106772609758], "DMB": [437.0, 22, 0.005486201696074192], "DOA": [348.0, 32, 0.00459515094971809], "DPA1": [2834.0, 808, 0.035987659154300085], "DPB1": [1951.0, 959, 0.024966160910973884], "DPB2": [2.0, 2, 2.562617508841185e-05], "DQA1": [182.0, 115, 0.002356273411514702], "DQB1": [714.0, 479, 0.0087645315272752], "DRA": [3936.0, 25, 0.05115748308159445], "DRB1": [1696.0, 352, 0.021052750642421025], "E": [18668.0, 3154, 0.171231643340944], "F": [1514.0, 109, 0.014460744749794382], "HFE": [1876.0, 3, 0.017815649792506136], "L": [85.0, 4, 0.000771123407313707], "V": [2.0, 2, 3.846404616751953e-05], "DRB4": [98.0, 26, 0.0012164914875927243], "J": [12.0, 7, 0.00010896390064990464], "DOB": [29.0, 19, 0.0003507855499936863], "H": [2.0, 2, 1.814408017208722e-05], "DRB5": [371.0, 30, 0.0046052892030295995]}