{"A": [33259.0, 16823, 0.19830254764862604], "B": [31538.0, 12486, 0.18959536490950907], "C": [25482.0, 15047, 0.15151918970208614], "DMA": [3681.0, 72, 0.030659475298934275], "DMB": [725.0, 24, 0.005992861925111512], "DOA": [705.0, 39, 0.006129366459688168], "DPA1": [5655.0, 1221, 0.04728161408501772], "DPB1": [3624.0, 1598, 0.030534345609284978], "DQA1": [1059.0, 361, 0.009027264900727241], "DQB1": [1606.0, 954, 0.012980217473596317], "DRA": [9761.0, 26, 0.08353227784323221], "DRB1": [5762.0, 570, 0.04709363186825793], "DRB7": [1.0, 1, 8.214159381626472e-06], "E": [21349.0, 3818, 0.12893466664645742], "F": [1968.0, 121, 0.01237644201099289], "HFE": [3375.0, 3, 0.021103211047423603], "K": [1.0, 1, 5.9896477833086e-06], "L": [130.0, 5, 0.00077652285906051], "T": [1.0, 1, 1.4262930342388453e-05], "V": [5.0, 2, 6.331416854116344e-05], "W": [16.0, 6, 0.00011190914576335556], "DRB4": [555.0, 46, 0.004536092621812418], "DPA2": [1.0, 1, 8.931357472245975e-06], "J": [10.0, 6, 5.978707787357351e-05], "H": [8.0, 7, 4.7786022096031384e-05], "DOB": [44.0, 31, 0.0003504308287042301], "DRB5": [2318.0, 42, 0.018945338193443573], "P": [1.0, 1, 8.943558780268169e-06]}