{"A": [5776.0, 4104, 0.1185494028402811], "B": [6081.0, 3703, 0.1258408519693251], "C": [7354.0, 5218, 0.1505257614456505], "DMA": [999.0, 51, 0.028642931766947825], "DMB": [250.0, 18, 0.0071135985634690835], "DOA": [157.0, 27, 0.0046987160678671975], "DPA1": [2884.0, 789, 0.08300571984459522], "DPB1": [1138.0, 673, 0.033006218434287936], "DPB2": [4.0, 2, 0.0001161643311807735], "DQB1": [880.0, 577, 0.024483425455779816], "DRA": [4435.0, 22, 0.13064918811062184], "DRB1": [3082.0, 415, 0.08671108979729579], "DRB4": [129.0, 27, 0.0036293739726966762], "DRB5": [1369.0, 42, 0.03851637960171899], "E": [4902.0, 1331, 0.10191041049902345], "HFE": [1957.0, 2, 0.042122939491337254], "K": [13.0, 5, 0.00026803883187366035], "L": [24.0, 4, 0.0004934864288117532], "T": [2.0, 2, 9.819555664082815e-05], "V": [3.0, 2, 0.00013076913103909126], "G": [6.0, 6, 0.00013295504571722748], "DPA2": [1.0, 1, 3.0744720667217e-05], "J": [11.0, 6, 0.000226387838118512], "H": [5.0, 4, 0.00010280967266911522], "DOB": [17.0, 15, 0.00046607051609998904], "F": [200.0, 52, 0.004329659990215189], "P": [2.0, 1, 6.15734433034701e-05], "DQA2": [6.0, 6, 0.00017606156444585982], "DQA1": [474.0, 216, 0.013908863591222927], "W": [1.0, 1, 2.4076795137895364e-05], "DRB3": [1.0, 1, 2.8134681958888962e-05]}