{"A": [7141.0, 4832, 0.4349466191304338], "B": [1427.0, 1131, 0.08763454977240467], "C": [3384.0, 2730, 0.20555228163736677], "DRA": [1.0, 1, 8.742141491785287e-05], "E": [2425.0, 849, 0.14961038039620095], "HFE": [1676.0, 3, 0.10705491205613743], "L": [45.0, 4, 0.0027458779275064643], "V": [3.0, 2, 0.00038806991728524635], "W": [5.0, 3, 0.000357250974423918], "DMB": [4.0, 4, 0.00033776455763715883], "K": [1.0, 1, 6.11869921428705e-05], "DMA": [64.0, 16, 0.005445486608623508], "DOA": [2.0, 1, 0.0001776291697534062], "F": [40.0, 24, 0.0025697361157409203], "J": [7.0, 5, 0.00042752664555717094], "DPA1": [4.0, 4, 0.00034164690887436756], "DQB1": [12.0, 12, 0.000990776035735666], "DRB5": [1.0, 1, 8.349236256199432e-05], "DPB1": [8.0, 8, 0.0006885702178857909], "DRB4": [1.0, 1, 8.349236256199432e-05], "DRB1": [4.0, 4, 0.0003339694502479773], "DOB": [1.0, 1, 8.135934600019154e-05]}