{"A": [1923.0, 1544, 0.24656569201203454], "B": [380.0, 342, 0.049126001820837456], "C": [1291.0, 1166, 0.16508006318158985], "DOA": [5.0, 3, 0.0009348258891258124], "DPA1": [126.0, 92, 0.022655021892331755], "DRA": [361.0, 14, 0.06643569305065018], "DRB1": [124.0, 71, 0.02179439773269796], "E": [898.0, 420, 0.1166279810464095], "HFE": [1804.0, 2, 0.2425747288823635], "K": [2.0, 2, 0.0002576116722824288], "L": [34.0, 3, 0.004367411024342892], "V": [2.0, 2, 0.0005446219686744578], "DRB4": [15.0, 10, 0.002636419080568302], "DMB": [12.0, 7, 0.0021331027106416263], "DMA": [138.0, 27, 0.0247179382805648], "DPA2": [1.0, 1, 0.00019206654693362528], "W": [6.0, 5, 0.0009024665314253034], "J": [11.0, 7, 0.0014142763177404755], "F": [21.0, 15, 0.002840038767482511], "DRB5": [44.0, 13, 0.00773349596966702], "DQA2": [2.0, 2, 0.0003666270283915295], "DOB": [3.0, 2, 0.000513813061687399], "DQB1": [32.0, 31, 0.005561867808487796], "DPB1": [43.0, 40, 0.007791178240413045], "DQA1": [34.0, 27, 0.006232659482656002]}