{"A": [33761.0, 16960, 0.18808439300346366], "B": [35410.0, 13385, 0.19890140231315437], "C": [29991.0, 16767, 0.16662625209468332], "DMA": [3842.0, 70, 0.02990023574770049], "DMB": [750.0, 24, 0.005792631209698969], "DOA": [708.0, 38, 0.005751459679507323], "DOB": [52.0, 28, 0.0003869646775997442], "DPA1": [6108.0, 1219, 0.04771743211859056], "DPB1": [4168.0, 1653, 0.032813041631169514], "DQB1": [1702.0, 984, 0.012853290845390707], "DRA": [10380.0, 29, 0.08299954591666549], "DRB1": [5798.0, 570, 0.04427774481404414], "DRB5": [1945.0, 47, 0.014853434574562925], "E": [22747.0, 3889, 0.1283614586034462], "F": [2236.0, 142, 0.013138956286686416], "HFE": [2713.0, 3, 0.01585049794301857], "L": [106.0, 4, 0.0005916094590226858], "DRB4": [550.0, 46, 0.004200200008231162], "V": [1.0, 1, 1.183175736449151e-05], "W": [4.0, 3, 2.614110494633381e-05], "J": [7.0, 6, 3.910422822109112e-05], "H": [4.0, 4, 2.2324885246139087e-05], "DQA1": [853.0, 304, 0.006794032330075676], "G": [1.0, 1, 6.01476750977592e-06]}