{"A": [14002.0, 8601, 0.4284535289385408], "B": [3453.0, 2472, 0.1065331306400286], "C": [7212.0, 5360, 0.22008193211751004], "DOA": [2.0, 2, 8.923824290980965e-05], "DRA": [8.0, 4, 0.00035135370933901526], "E": [4257.0, 1345, 0.13194421662845754], "HFE": [3078.0, 3, 0.09877292726472052], "L": [83.0, 5, 0.002544389116615052], "DMB": [14.0, 7, 0.0005939075484565741], "K": [3.0, 2, 9.221829402253432e-05], "DMA": [144.0, 29, 0.006155395136893436], "V": [2.0, 1, 0.0001299736884160284], "J": [7.0, 4, 0.0002147830038253912], "F": [64.0, 26, 0.0020655952940968046], "W": [1.0, 1, 3.589551117045229e-05], "DRB1": [7.0, 7, 0.0002936172149672951], "DPB1": [8.0, 8, 0.0003459273972256714], "DQB1": [14.0, 14, 0.0005807096029353169], "G": [2.0, 2, 6.607315330490332e-05], "DOB": [1.0, 1, 4.0873720748836176e-05], "DPA1": [8.0, 8, 0.00034327661257260115], "DRB5": [5.0, 4, 0.00020972658211949646], "H": [2.0, 2, 6.131058112325426e-05]}