{"A": [31984.0, 15985, 0.19030931097768003], "B": [33463.0, 12526, 0.20075510320656842], "C": [28832.0, 15773, 0.17108701556191075], "DMA": [3517.0, 73, 0.029233406289894858], "DMB": [682.0, 22, 0.0056258583519696245], "DOA": [632.0, 36, 0.00548342240603234], "DPA1": [5967.0, 1171, 0.04978790772888802], "DPB1": [4161.0, 1614, 0.03498696714790725], "DQA1": [732.0, 294, 0.00622700853877283], "DQB1": [1341.0, 803, 0.010816166379915794], "DRA": [9694.0, 23, 0.08278872237418373], "DRB1": [4906.0, 524, 0.04001516647301628], "DRB4": [419.0, 40, 0.0034175203326933996], "DRB5": [1562.0, 41, 0.012740254796341506], "E": [21100.0, 3511, 0.1271694442374755], "F": [2096.0, 126, 0.013154372898460538], "HFE": [2433.0, 3, 0.01518186158093217], "L": [126.0, 5, 0.0007510858689820525], "V": [1.0, 1, 1.2636856596425187e-05], "W": [5.0, 4, 3.48998657070076e-05], "DOB": [43.0, 25, 0.0003417639403833678], "H": [2.0, 2, 1.192199792035004e-05], "J": [9.0, 7, 5.369798515357661e-05], "DQA2": [1.0, 1, 8.506842266083101e-06], "K": [1.0, 1, 5.9773603479888584e-06]}