{"A": [10492.0, 7153, 0.13639443030807424], "B": [11371.0, 6247, 0.14904296242870577], "C": [19935.0, 12383, 0.25844588126780244], "DMA": [1248.0, 59, 0.02266380024291807], "DMB": [271.0, 21, 0.00488410288233194], "DOA": [236.0, 29, 0.004473605886135299], "DPA1": [2531.0, 796, 0.046139308087374487], "DPB1": [1255.0, 729, 0.02305490841833077], "DQB1": [770.0, 528, 0.013568954953128834], "DRA": [3062.0, 23, 0.05713266013725354], "DRB1": [1413.0, 314, 0.025179687748276575], "DRB5": [422.0, 32, 0.007520048287171064], "E": [15859.0, 3165, 0.2088272701482638], "HFE": [2012.0, 3, 0.027429758823866734], "K": [1.0, 1, 1.3059319057561526e-05], "L": [37.0, 4, 0.0004818721916120854], "V": [1.0, 1, 2.760896659557978e-05], "W": [1.0, 1, 1.5249824497772167e-05], "DRB4": [147.0, 29, 0.0026195428867633805], "P": [1.0, 1, 1.9499775587315228e-05], "DPB2": [1.0, 1, 1.8394118208653024e-05], "J": [11.0, 6, 0.00014339013062014813], "DOB": [12.0, 10, 0.00020837716394036125], "F": [790.0, 95, 0.010832209631731652], "DQA1": [45.0, 35, 0.0008363575622996922], "G": [1.0, 1, 1.4035236705914206e-05], "H": [1.0, 1, 1.3023572746272578e-05]}