{"A": [11500.0, 7488, 0.41718080722386347], "B": [3081.0, 2293, 0.11269188370888984], "C": [6582.0, 5014, 0.23812192175618377], "DPB1": [15.0, 14, 0.0007689516977199967], "DQB1": [25.0, 25, 0.0012293733932683898], "DRA": [15.0, 5, 0.0007810136851352123], "E": [2756.0, 992, 0.10126951985965398], "HFE": [2920.0, 3, 0.11108744793728349], "L": [76.0, 4, 0.0027620520470657693], "T": [1.0, 1, 8.677929834835693e-05], "W": [2.0, 2, 8.511046568781161e-05], "K": [1.0, 1, 3.644254157538502e-05], "DMA": [154.0, 29, 0.007804174914824374], "J": [9.0, 6, 0.0003273838187005136], "DOA": [9.0, 7, 0.00047607607101867523], "F": [69.0, 29, 0.002640141362142951], "DMB": [3.0, 3, 0.0001508776437193024], "DRB4": [2.0, 2, 9.945492619699333e-05], "DRB1": [15.0, 14, 0.00074591194647745], "DPA1": [27.0, 25, 0.0013735068255826147], "DRB5": [2.0, 2, 9.945492619699333e-05], "DOB": [3.0, 3, 0.0001453711603718826], "H": [1.0, 1, 3.634279009297065e-05]}