{"A": [9659.0, 6137, 0.28098940419616314], "B": [5301.0, 3071, 0.1554855527714494], "C": [6843.0, 4975, 0.19852688966415533], "DMA": [1199.0, 45, 0.04872555050940073], "DMB": [46.0, 14, 0.0018552086800215383], "DPA1": [540.0, 193, 0.02202886468631272], "DPB1": [501.0, 271, 0.020595712678728284], "DRA": [739.0, 13, 0.03085624830669071], "DRB1": [792.0, 206, 0.03158295656150003], "E": [3662.0, 1081, 0.10790688985041688], "HFE": [2645.0, 2, 0.08069360390466175], "K": [4.0, 2, 0.00011689607976268414], "V": [4.0, 3, 0.0002471323311037017], "DRB4": [53.0, 20, 0.002113505931514522], "L": [20.0, 3, 0.0005828805437071796], "F": [334.0, 74, 0.010248394973661142], "J": [8.0, 5, 0.00023336514188239957], "DRB5": [122.0, 17, 0.004865051389523995], "DQB1": [45.0, 42, 0.00177454743306408], "DQA2": [1.0, 1, 4.159095546243938e-05], "DQA1": [9.0, 8, 0.0003743185991619544], "H": [4.0, 3, 0.00011657610874143592], "DOB": [1.0, 1, 3.8858702913811974e-05]}