{"A": [1139.0, 938, 0.09082186698569578], "B": [198.0, 181, 0.015918654314038463], "C": [690.0, 601, 0.05486947604157672], "DMA": [449.0, 40, 0.0500141435477328], "DPA1": [660.0, 228, 0.0737991253639331], "DPB1": [337.0, 220, 0.037973263540631005], "DQB1": [165.0, 133, 0.017834788629617165], "DRA": [2891.0, 22, 0.3308687096998282], "DRB1": [578.0, 200, 0.06317778035496663], "E": [1145.0, 476, 0.09247945160761736], "HFE": [1316.0, 2, 0.1100470104345849], "K": [2.0, 2, 0.00016020603609736788], "V": [3.0, 2, 0.0005080421589586743], "DRB4": [108.0, 21, 0.011804844772208297], "DMB": [142.0, 15, 0.01569756189301015], "DPB2": [1.0, 1, 0.00011282551382372622], "DPA2": [1.0, 1, 0.00011944420017354917], "J": [11.0, 7, 0.0008795238228304356], "G": [2.0, 2, 0.00017217816858841996], "L": [24.0, 2, 0.0019172101911068221], "DOA": [4.0, 4, 0.00046508684582848096], "F": [61.0, 27, 0.005130363614178583], "W": [2.0, 1, 0.0001870782024085717], "DRB5": [209.0, 20, 0.02284456071658828], "DQA1": [15.0, 14, 0.0017100116938908504], "DQA2": [1.0, 1, 0.00011400077959272336], "DOB": [2.0, 2, 0.0002130233545674247], "H": [2.0, 2, 0.0001597675159255685]}