{"A": [33099.0, 15512, 0.14934410422769562], "B": [35007.0, 11162, 0.15925847923728706], "C": [25471.0, 13477, 0.11461309132093525], "DMA": [6401.0, 64, 0.04034603218854903], "DMB": [2231.0, 28, 0.01395564579570608], "DPA1": [12269.0, 871, 0.07762881449760467], "DPA2": [1.0, 1, 6.758830806023773e-06], "DPB1": [9034.0, 1514, 0.057601609277588874], "DQA1": [4554.0, 543, 0.02937699408155397], "DQB1": [3697.0, 1216, 0.022612052296388428], "DRA": [20666.0, 28, 0.13383525767520468], "DRB1": [11442.0, 593, 0.07076931254243458], "DRB4": [2122.0, 60, 0.01312467061833999], "DRB5": [5616.0, 48, 0.03473522629245872], "E": [13111.0, 2397, 0.059921418359290636], "F": [1827.0, 126, 0.00869487549082592], "HFE": [2052.0, 3, 0.00970970922314542], "K": [6.0, 4, 2.719610053512585e-05], "V": [8.0, 3, 7.666109061223097e-05], "W": [4.0, 3, 2.1171893080407805e-05], "DPB2": [9.0, 2, 5.7458771684714994e-05], "L": [74.0, 3, 0.00033450045673388823], "DOB": [165.0, 46, 0.000994460817316965], "DOA": [436.0, 29, 0.00286858063696617], "J": [8.0, 6, 3.619523638951909e-05], "H": [11.0, 8, 4.9723040865848254e-05]}