{"A": [5189.0, 3355, 0.060242252169579256], "B": [4119.0, 2632, 0.04821517876460317], "C": [2448.0, 2058, 0.028342879058180392], "DMA": [3405.0, 59, 0.055222293431418164], "DMB": [970.0, 24, 0.015612283242847651], "DOA": [496.0, 32, 0.00839666002773008], "DPA1": [6944.0, 1335, 0.11304928481779121], "DPA2": [5.0, 4, 8.695326597611385e-05], "DPB1": [4031.0, 1722, 0.06613199868847904], "DQA1": [3862.0, 377, 0.06410190238943175], "DQB1": [3502.0, 1281, 0.05511261169126939], "DRA": [16908.0, 23, 0.2817414031069253], "DRB1": [6689.0, 938, 0.10645070670455113], "DRB3": [3342.0, 73, 0.053185567619466266], "E": [1520.0, 636, 0.017874511221392435], "HFE": [1703.0, 3, 0.020734226354291677], "K": [22.0, 4, 0.0002565797561081083], "V": [1.0, 1, 2.465638064235646e-05], "DPB2": [17.0, 2, 0.0002792589297238027], "W": [28.0, 5, 0.00038133094677217106], "T": [2.0, 2, 5.554400345140867e-05], "J": [16.0, 10, 0.0001862626307521211], "L": [33.0, 3, 0.00038381615888617113], "DOB": [36.0, 25, 0.0005582780492889762], "F": [262.0, 66, 0.003208266458722144], "P": [1.0, 1, 1.741441091816706e-05], "H": [2.0, 2, 2.3261585387040673e-05], "DRB5": [5.0, 2, 7.957146561859106e-05], "DQA2": [1.0, 1, 1.659811040637798e-05], "G": [1.0, 1, 1.2534266265583372e-05], "DRB4": [1.0, 1, 1.5914293123718214e-05]}