{"A": [11207.0, 7158, 0.2911466370115369], "B": [4238.0, 2507, 0.11100890501132851], "C": [7022.0, 5147, 0.18192745842353164], "DMA": [673.0, 48, 0.024424026605307257], "DPA1": [736.0, 248, 0.02681271540112955], "DPB1": [877.0, 412, 0.03219610393849857], "DPB2": [2.0, 2, 7.351788771530577e-05], "DQB1": [169.0, 142, 0.005951499917614852], "DRA": [1911.0, 21, 0.07125641982809457], "DRB1": [1062.0, 261, 0.037819583945590554], "DRB4": [186.0, 31, 0.006623768939623205], "E": [4270.0, 1326, 0.1123630033682749], "HFE": [2117.0, 3, 0.05767650324527345], "J": [27.0, 14, 0.0007033546956215007], "L": [57.0, 4, 0.0014835051137880497], "V": [5.0, 3, 0.0002758698301115923], "W": [7.0, 5, 0.00021332754597731888], "DMB": [92.0, 13, 0.00331350318167368], "K": [3.0, 1, 7.829352360532107e-05], "F": [334.0, 66, 0.009152094240924022], "DRB5": [613.0, 35, 0.021829948171984002], "DQA1": [89.0, 59, 0.0033056246075324727], "DOA": [5.0, 5, 0.00018940863501685685], "DOB": [1.0, 1, 3.470187400673801e-05], "H": [3.0, 3, 7.807921651516052e-05], "T": [1.0, 1, 6.214583972448506e-05]}