{"A": [3809.0, 2768, 0.24239005504697492], "B": [239.0, 208, 0.015334731844456462], "C": [1954.0, 1673, 0.12400620166607752], "DMA": [454.0, 34, 0.040358914009232395], "DOB": [15.0, 11, 0.00127504527522013], "DPA1": [419.0, 191, 0.037390254882994196], "DPA2": [3.0, 2, 0.0002859719553154016], "DPB1": [538.0, 281, 0.04838017351628052], "DPB2": [3.0, 3, 0.00027012557119354306], "DQB1": [80.0, 77, 0.006900985785882778], "DRA": [913.0, 19, 0.08339029441558646], "DRB1": [533.0, 195, 0.046494422492808545], "DRB7": [1.0, 1, 8.766936145804658e-05], "E": [2852.0, 946, 0.1838342398948746], "F": [82.0, 34, 0.005503884196665876], "HFE": [1706.0, 3, 0.11385143526838556], "K": [10.0, 4, 0.0006392724710161311], "L": [46.0, 4, 0.0029326041330062992], "P": [6.0, 3, 0.0005727252547710093], "V": [8.0, 2, 0.0010811989335715764], "DRB4": [107.0, 21, 0.00933377712332179], "DMB": [74.0, 13, 0.006528489394031152], "T": [2.0, 2, 0.00030445525525953435], "J": [27.0, 14, 0.0017228830951741593], "DOA": [12.0, 7, 0.0011135056746145518], "DRB5": [243.0, 25, 0.02119726954174949], "DQA2": [6.0, 6, 0.0005458787584536182], "W": [4.0, 4, 0.0002986003465045433], "DRB3": [11.0, 8, 0.0009595471809022403], "DQA1": [25.0, 25, 0.002274494826890076], "G": [8.0, 8, 0.0005496360360437611], "H": [3.0, 3, 0.00019125679128301952]}