{"A": [1238.0, 1047, 0.05850858916785786], "B": [251.0, 217, 0.011960440176091424], "C": [798.0, 734, 0.037611174349676035], "DMA": [1002.0, 44, 0.06615253586401006], "DMB": [322.0, 24, 0.021097549354440154], "DPA1": [1322.0, 300, 0.08761349688363496], "DPA2": [1.0, 1, 7.079414593611129e-05], "DPB1": [709.0, 346, 0.04735071462105434], "DPB2": [2.0, 2, 0.00013374254889476694], "DQB1": [317.0, 234, 0.02030839326402562], "DRA": [5710.0, 22, 0.3873254146736971], "DRB1": [1197.0, 234, 0.07754663475466914], "DRB5": [560.0, 34, 0.03627912737060544], "E": [1100.0, 495, 0.05265804415893591], "HFE": [1399.0, 3, 0.06933816661954749], "V": [2.0, 2, 0.00020074316816700026], "DRB4": [252.0, 34, 0.016325607316772447], "L": [30.0, 3, 0.0014204044426415028], "DOB": [4.0, 3, 0.0002525163453584894], "DOA": [7.0, 4, 0.00048239676334420583], "F": [57.0, 31, 0.0028413546698911295], "J": [3.0, 3, 0.00014217016156484815], "G": [4.0, 4, 0.00020409875701541622], "DQA1": [59.0, 45, 0.003986503163149746], "H": [4.0, 3, 0.00018938725901886705]}