{"A": [4691.0, 3369, 0.2785290905675022], "B": [1877.0, 1290, 0.11236831309719966], "C": [3170.0, 2555, 0.1877065430865803], "DMA": [592.0, 39, 0.04910284197890864], "DPA1": [335.0, 137, 0.027892697269395333], "DPB1": [357.0, 209, 0.029953988975628988], "DQB1": [38.0, 31, 0.003058482824962553], "DRA": [704.0, 18, 0.05999550210205181], "DRB1": [424.0, 147, 0.034509670195319635], "E": [1736.0, 645, 0.10440658888010641], "HFE": [1460.0, 2, 0.09091041544263598], "K": [3.0, 2, 0.0001789404647917129], "T": [1.0, 1, 0.00014203480611281206], "DRB4": [23.0, 14, 0.0018719868266329049], "DMB": [34.0, 11, 0.0027987312931774555], "W": [1.0, 1, 6.965168376685976e-05], "J": [8.0, 6, 0.00047630302104679985], "L": [12.0, 3, 0.0007138026569975993], "F": [116.0, 33, 0.007264650544352128], "DRB5": [94.0, 15, 0.007650728769717089], "DQA1": [4.0, 4, 0.0003395519583634413], "H": [1.0, 1, 5.9483554749799936e-05]}