{"A": [22524.0, 12113, 0.15216971516881247], "B": [25626.0, 9259, 0.17455729013083954], "C": [21601.0, 11935, 0.145536386298976], "DMA": [3013.0, 54, 0.02843555013077303], "DMB": [1263.0, 27, 0.011829413641359136], "DPA1": [5684.0, 649, 0.05384896449885521], "DPA2": [8.0, 4, 8.096010476760813e-05], "DPB1": [4498.0, 1082, 0.04294212002290317], "DPB2": [33.0, 5, 0.000315454892755102], "DQA1": [2745.0, 482, 0.026513446028862762], "DQB1": [1901.0, 841, 0.017409333590531248], "DRA": [12798.0, 27, 0.12409826788529693], "DRB1": [5835.0, 472, 0.054037269178655145], "DRB4": [909.0, 49, 0.008418145275646535], "E": [13743.0, 2601, 0.09404534705131087], "F": [2504.0, 134, 0.01784303158187086], "HFE": [2118.0, 3, 0.015005978616413923], "K": [6.0, 4, 4.072078462579375e-05], "L": [126.0, 4, 0.000852795775105697], "P": [3.0, 3, 3.0401514751361045e-05], "V": [11.0, 3, 0.00015782914041132117], "W": [5.0, 5, 3.9625905979338115e-05], "H": [13.0, 11, 8.798686568550842e-05], "T": [2.0, 1, 3.232230762236207e-05], "J": [18.0, 9, 0.00012193922629039059], "DOB": [56.0, 33, 0.0005053604593218946], "DOA": [413.0, 33, 0.004068554375198081], "DRB5": [2910.0, 38, 0.026949177945139072], "DQA2": [2.0, 2, 1.931762916492733e-05], "G": [1.0, 1, 7.293972074072857e-06]}