{"A": [22425.0, 11330, 0.14516421802009724], "B": [26859.0, 9077, 0.17530383897834603], "C": [18090.0, 10352, 0.11678329249578313], "DMA": [4217.0, 63, 0.038133838444520674], "DMB": [1251.0, 26, 0.011226945009964165], "DPA1": [7263.0, 639, 0.0659301022763264], "DPB1": [5820.0, 1194, 0.053239189247550965], "DQA1": [1604.0, 258, 0.014844740539254175], "DQB1": [2069.0, 844, 0.018155363103776495], "DRA": [16282.0, 25, 0.15127800292845078], "DRB1": [8937.0, 530, 0.0793028342697202], "DRB4": [1628.0, 50, 0.014446124447924862], "DRB5": [4591.0, 44, 0.04073842588478073], "E": [7917.0, 1648, 0.05191117152474179], "F": [1516.0, 111, 0.01035089585891609], "HFE": [1656.0, 3, 0.011241988019294989], "K": [10.0, 3, 6.502933388251242e-05], "V": [7.0, 3, 9.623586722148985e-05], "W": [3.0, 3, 2.27811095940981e-05], "DPB2": [1.0, 1, 9.159415197627071e-06], "L": [17.0, 3, 0.00011024726759771564], "DOA": [139.0, 20, 0.0013120466943915624], "DOB": [33.0, 19, 0.0002853458690764405], "J": [3.0, 2, 1.947316765303728e-05], "H": [3.0, 3, 1.945540016430276e-05], "DQA2": [1.0, 1, 9.254825772602353e-06]}