{"A": [18866.0, 10402, 0.15266467128277972], "B": [18515.0, 7183, 0.1510625785481781], "C": [17700.0, 10262, 0.1428390668483539], "DMA": [2407.0, 55, 0.027209126588770335], "DMB": [1146.0, 26, 0.012856433062235575], "DPA1": [5206.0, 649, 0.05907496304924534], "DPB1": [4190.0, 1025, 0.04791307686336393], "DPB2": [49.0, 6, 0.0005610420538035009], "DQA1": [2036.0, 417, 0.02355470180479613], "DQA2": [1.0, 1, 1.1569106976815388e-05], "DQB1": [1325.0, 651, 0.014534226246428814], "DRA": [11483.0, 26, 0.13336902818110355], "DRB1": [4323.0, 412, 0.0479527785092055], "E": [14310.0, 2772, 0.11729281476361555], "F": [2342.0, 155, 0.019989283072517634], "HFE": [1413.0, 2, 0.011991031313780737], "K": [4.0, 4, 3.2516282372165484e-05], "T": [2.0, 2, 3.871492007927764e-05], "V": [4.0, 2, 6.874332037287596e-05], "DRB4": [839.0, 49, 0.009306588288046128], "W": [11.0, 8, 0.00010441860655997479], "DPA2": [2.0, 2, 2.4243039995072902e-05], "J": [16.0, 12, 0.00012982756760831734], "L": [85.0, 3, 0.0006890796564292961], "DOB": [98.0, 39, 0.0010592910796873886], "DOA": [452.0, 31, 0.005333404408371563], "DRB5": [1829.0, 39, 0.020288140618398533], "H": [6.0, 5, 4.864091692442091e-05]}