{"A": [10781.0, 6701, 0.10650937136201967], "B": [12019.0, 5190, 0.11972134049480526], "C": [8936.0, 5909, 0.08804140338518361], "DMA": [3024.0, 57, 0.041734033110816804], "DMB": [1484.0, 29, 0.020325434335606136], "DPA1": [6342.0, 707, 0.08786088856588625], "DPB1": [3911.0, 989, 0.054600662545272294], "DQA1": [1717.0, 393, 0.02425158850424906], "DQA2": [1.0, 1, 1.412439633328425e-05], "DQB1": [1691.0, 782, 0.0226459062040497], "DRA": [15123.0, 26, 0.2144409055355058], "DRB1": [4749.0, 424, 0.06431329623899748], "DRB4": [986.0, 52, 0.013352897471394296], "E": [6709.0, 1668, 0.06713664354243828], "F": [1344.0, 119, 0.01400488847266603], "HFE": [1899.0, 2, 0.019674757968619307], "K": [8.0, 4, 7.939642367035539e-05], "P": [1.0, 1, 1.4819038775904788e-05], "V": [5.0, 2, 0.00010490847566694686], "W": [6.0, 3, 6.9535489640784e-05], "DPB2": [6.0, 3, 8.387270399970854e-05], "DPA2": [4.0, 3, 5.9195287224896616e-05], "L": [46.0, 3, 0.00045527981173564414], "DOB": [11.0, 9, 0.00014516167910411841], "DOA": [294.0, 27, 0.004235293090152613], "J": [6.0, 5, 5.9438555528560574e-05], "DRB5": [2655.0, 42, 0.03595531722774022], "H": [10.0, 6, 9.897387211644437e-05], "G": [1.0, 1, 1.0666210800356248e-05]}