{"A": [2912.0, 2230, 0.25351378527129814], "B": [449.0, 372, 0.03941223018342785], "C": [1914.0, 1638, 0.16617556490234045], "DMA": [368.0, 34, 0.04475461463832287], "DPA1": [187.0, 100, 0.022829289413522306], "DPA2": [1.0, 1, 0.0001304093032865301], "DPB1": [238.0, 153, 0.02927982573429642], "DQB1": [34.0, 33, 0.0040124205635887695], "DRA": [511.0, 19, 0.06385163381295761], "DRB1": [388.0, 138, 0.0463032802645472], "E": [1525.0, 626, 0.13447857882496816], "HFE": [1715.0, 2, 0.156577729813735], "K": [2.0, 2, 0.00017491311858925263], "P": [2.0, 2, 0.0002611749161448813], "V": [4.0, 2, 0.0007395746174779618], "W": [8.0, 7, 0.0008170087120429622], "DMB": [43.0, 13, 0.005189862159454725], "J": [24.0, 13, 0.002095123710882774], "DRB4": [38.0, 15, 0.00453485734549689], "L": [42.0, 3, 0.003663121177900653], "F": [56.0, 26, 0.005142210452743023], "DOA": [4.0, 3, 0.0005077823070864624], "DRB5": [111.0, 22, 0.013246556982898812], "DQA2": [3.0, 3, 0.000373398512925885], "G": [2.0, 2, 0.0001879843054258143], "DQA1": [11.0, 11, 0.001369127880728245], "H": [3.0, 3, 0.0002616515127071895], "DOB": [1.0, 1, 0.00011628956120319534]}