{"A": [2496.0, 1946, 0.23673890062525454], "B": [684.0, 561, 0.06541172580054118], "C": [1977.0, 1682, 0.1870022086479762], "DMA": [324.0, 33, 0.042928908836956214], "DMB": [34.0, 13, 0.00447075757481769], "DPA1": [158.0, 92, 0.02101467657885908], "DPA2": [2.0, 1, 0.00028415375967062116], "DPB1": [253.0, 162, 0.03390992958633013], "DPB2": [7.0, 5, 0.0009394284412821888], "DRA": [423.0, 18, 0.057584595143603354], "DRB5": [59.0, 17, 0.007670909890434053], "E": [1156.0, 511, 0.11105955717222395], "HFE": [1800.0, 3, 0.17904129441710484], "K": [2.0, 1, 0.00019056240241405794], "T": [1.0, 1, 0.00022688965777621495], "V": [3.0, 2, 0.000604307657171853], "W": [5.0, 5, 0.0005563159878166809], "P": [1.0, 1, 0.00014227097393344627], "L": [35.0, 3, 0.0033257138249770924], "DOB": [7.0, 7, 0.0008868570199938912], "G": [5.0, 5, 0.0005120076348047327], "F": [54.0, 29, 0.0054021969814037115], "DRB1": [256.0, 120, 0.03328394799917149], "DQB1": [16.0, 16, 0.0020571328971710156], "J": [14.0, 7, 0.0013315004026209656], "DRB4": [12.0, 8, 0.0015601850624611634], "DOA": [4.0, 4, 0.0005532130301157112], "DQA1": [4.0, 4, 0.0005424080881212638], "DQA2": [4.0, 3, 0.0005424080881212638], "DRB3": [1.0, 1, 0.00013001542187176363], "H": [1.0, 1, 9.502039499934548e-05]}