{"A": [20224.0, 11133, 0.1545064503656275], "B": [22883.0, 8581, 0.17626536291609662], "C": [19188.0, 10979, 0.14619222954669708], "DMA": [2462.0, 56, 0.026275282932843754], "DMB": [1035.0, 25, 0.010962183481185599], "DPA1": [5001.0, 601, 0.053576827184940945], "DPB1": [4081.0, 1002, 0.04405827350714813], "DPB2": [38.0, 4, 0.00041077478217262033], "DQA1": [2310.0, 457, 0.025230895131967936], "DQB1": [1512.0, 710, 0.015658446433415255], "DRA": [11143.0, 24, 0.12218632255430403], "DRB1": [4887.0, 464, 0.05117899125207353], "DRB4": [784.0, 46, 0.00821042135085444], "E": [13298.0, 2531, 0.10290558480737153], "F": [2343.0, 139, 0.018880063808919278], "HFE": [1555.0, 3, 0.012458495806365493], "K": [4.0, 3, 3.0698823225882736e-05], "V": [11.0, 3, 0.0001784777329036693], "W": [11.0, 6, 9.858225204187717e-05], "T": [1.0, 1, 1.8275497704733025e-05], "J": [12.0, 10, 9.192825694764337e-05], "L": [104.0, 3, 0.0007959846336068754], "DOB": [61.0, 35, 0.000622500803205377], "DOA": [415.0, 26, 0.0046231184333148335], "P": [1.0, 1, 1.145963585583669e-05], "DRB5": [2330.0, 39, 0.024400869575881178], "G": [7.0, 7, 5.7737634341501676e-05], "H": [12.0, 8, 9.184438080079333e-05], "DPA2": [1.0, 1, 1.1444001973359423e-05], "DRB3": [1.0, 1, 1.047247621282454e-05]}