{"A": [24740.0, 12664, 0.15389522335589553], "B": [28293.0, 9864, 0.17745118543190305], "C": [22348.0, 12434, 0.1386369925998851], "DMA": [3594.0, 67, 0.03123081457590058], "DMB": [1340.0, 26, 0.011555996506495646], "DPA1": [6088.0, 654, 0.05310564241187171], "DPA2": [7.0, 4, 6.522616586102082e-05], "DPB1": [4905.0, 1130, 0.04311672620351335], "DPB2": [20.0, 3, 0.00017603379814480215], "DQA1": [2944.0, 482, 0.026182093577403573], "DQB1": [2261.0, 968, 0.019065286176653616], "DRA": [14599.0, 27, 0.13034352400222157], "DRB1": [6998.0, 497, 0.059671809429952836], "DRB4": [1142.0, 45, 0.00973781171320465], "DRB5": [3204.0, 45, 0.027320445472073292], "E": [12842.0, 2416, 0.08091539685248275], "F": [2457.0, 138, 0.016120637493968318], "HFE": [2435.0, 3, 0.015884738472898393], "K": [6.0, 2, 3.74937495042177e-05], "L": [105.0, 4, 0.0006543446109871569], "V": [15.0, 3, 0.00019816570700246586], "W": [9.0, 5, 6.567414776940696e-05], "J": [20.0, 12, 0.0001247508925665447], "DOB": [62.0, 37, 0.0005151665508724284], "DOA": [419.0, 30, 0.0038005533375825725], "H": [17.0, 12, 0.00010594150844553968], "DQA2": [1.0, 1, 8.89337417710719e-06], "G": [2.0, 1, 1.343188076306455e-05]}