{"A": [5553.0, 3613, 0.23685643807589332], "B": [473.0, 434, 0.020341975249187766], "C": [2572.0, 1766, 0.10940659598568284], "DPA1": [1438.0, 580, 0.08601159168448332], "DPB1": [546.0, 314, 0.03291027296757342], "DRA": [1965.0, 17, 0.12029871272536077], "DRB1": [415.0, 61, 0.024264728772548254], "E": [2469.0, 804, 0.106672302242646], "F": [934.0, 88, 0.042019996054585174], "HFE": [2692.0, 2, 0.12041711955999496], "V": [10.0, 2, 0.0009058771758668477], "DRB4": [305.0, 40, 0.017833113917174015], "DMB": [194.0, 19, 0.011471927902158216], "DMA": [609.0, 46, 0.036287295986412796], "W": [26.0, 1, 0.001300940277564334], "J": [5.0, 5, 0.00021385319631194528], "L": [16.0, 3, 0.0006837058393038835], "DOB": [28.0, 18, 0.001595313625042395], "Y": [7.0, 2, 0.0003978603761483157], "DOA": [3.0, 2, 0.00018658904379408774], "DQB1": [461.0, 260, 0.026654820798095905], "DQA1": [48.0, 30, 0.002927115624519751], "H": [8.0, 3, 0.00034185291965194175]}