{"A": [19504.0, 9657, 0.1944498134930912], "B": [13719.0, 5800, 0.1379052370439925], "C": [12677.0, 5797, 0.1260420198230282], "DOA": [101.0, 14, 0.0014682924997274252], "DPA1": [4983.0, 1145, 0.0696651069026813], "DPB1": [2889.0, 925, 0.04070171470468464], "DQA1": [1049.0, 202, 0.01495204002497414], "DQB1": [1522.0, 552, 0.020569124947960045], "DRA": [7986.0, 20, 0.11427574294733557], "DRB1": [3445.0, 147, 0.04708069800318189], "DRB4": [1323.0, 53, 0.018080627999480302], "E": [12253.0, 2121, 0.12373692926242727], "F": [2263.0, 127, 0.023796879266347302], "H": [6.0, 5, 5.992759913428224e-05], "HFE": [2412.0, 2, 0.02521835793483446], "L": [69.0, 4, 0.0006891673900442459], "V": [25.0, 2, 0.0005293411399997851], "Y": [22.0, 3, 0.0002922682585610464], "DMB": [662.0, 24, 0.009149955683307396], "DPB2": [3.0, 2, 4.232000557420963e-05], "DMA": [2192.0, 58, 0.030528410060087354], "W": [6.0, 1, 7.017163317433049e-05], "DOB": [50.0, 28, 0.0006658622126031361], "J": [3.0, 3, 2.999116376765906e-05]}