{"A": [14427.0, 7484, 0.37646196070622123], "B": [2847.0, 1866, 0.07490434238599611], "C": [5205.0, 3010, 0.1354505656503828], "DPA1": [1237.0, 505, 0.045264251764546425], "DPB1": [435.0, 282, 0.01604041670153466], "DQA1": [124.0, 61, 0.004626023911516587], "DQB1": [426.0, 253, 0.01506856821070349], "DRA": [1613.0, 17, 0.060411600307865944], "DRB1": [456.0, 61, 0.01631096796347711], "DRB4": [286.0, 35, 0.010230124643759768], "E": [3449.0, 974, 0.09116147013443565], "F": [447.0, 65, 0.012302806736140792], "HFE": [3854.0, 3, 0.10546599074951798], "V": [20.0, 2, 0.0011083753553518246], "Y": [14.0, 3, 0.0004867973799779433], "DMB": [147.0, 17, 0.005317892590365108], "DMA": [695.0, 49, 0.02533434419899751], "DPA2": [1.0, 1, 3.908799854821919e-05], "W": [8.0, 1, 0.0002448846404773048], "J": [7.0, 4, 0.0001831602927405595], "L": [83.0, 3, 0.002169776225980937], "DOB": [27.0, 15, 0.0009411077606664306], "DOA": [7.0, 6, 0.0002663486328697379], "H": [8.0, 5, 0.00020913505792587346]}