{"A": [10351.0, 5818, 0.13900846732754754], "B": [9834.0, 4626, 0.13315688000703452], "C": [8698.0, 4220, 0.11649126753573368], "DMA": [1804.0, 54, 0.03384350026717036], "DMB": [702.0, 24, 0.01306992865840859], "DOA": [116.0, 14, 0.002271560454677612], "DPA1": [4451.0, 1060, 0.08382182624938178], "DPB1": [2566.0, 867, 0.04869640712962292], "DQA1": [506.0, 128, 0.009715174000093777], "DQB1": [1201.0, 490, 0.02186347926637998], "DRA": [7395.0, 20, 0.14254041853102015], "DRB1": [3464.0, 133, 0.06376856642018001], "DRB4": [1085.0, 50, 0.01997369935505061], "E": [8403.0, 1658, 0.11430529999836135], "F": [1853.0, 115, 0.02624738105316311], "HFE": [1950.0, 2, 0.02746307836532846], "V": [11.0, 2, 0.000313735330589186], "Y": [32.0, 3, 0.0005726431276773491], "DPB2": [1.0, 1, 1.900201100218008e-05], "W": [16.0, 1, 0.00025206086389216654], "L": [42.0, 3, 0.0005650671008969463], "DOB": [107.0, 49, 0.0019194342792372462], "J": [3.0, 3, 4.0398795993676004e-05], "H": [6.0, 5, 8.072387155670661e-05]}