{"A": [15534.0, 8284, 0.3210294889368101], "B": [2783.0, 1868, 0.057989490534098694], "C": [4859.0, 2975, 0.100143680075294], "DMA": [1178.0, 55, 0.03400844001784016], "DMB": [274.0, 22, 0.007850355931987671], "DOA": [24.0, 11, 0.0007232363274649414], "DPA1": [2171.0, 777, 0.06291613390781024], "DPB1": [1097.0, 501, 0.03203683286011731], "DQB1": [827.0, 402, 0.023167781967004652], "DRA": [3906.0, 20, 0.11586033249421458], "DRB1": [1643.0, 114, 0.0465445690999141], "E": [4168.0, 1177, 0.08724938909494266], "F": [499.0, 67, 0.01087711656804232], "H": [4.0, 4, 8.281583859201655e-05], "HFE": [3019.0, 3, 0.06543052395257655], "L": [50.0, 4, 0.0010351979824002068], "V": [19.0, 2, 0.0008339250594004607], "Y": [13.0, 3, 0.0003579975935251978], "DRB4": [664.0, 45, 0.018810464931432114], "W": [5.0, 1, 0.00012121549024686183], "J": [5.0, 5, 0.00010361433686855039], "DOB": [13.0, 13, 0.00035886863389873844], "DQA1": [422.0, 129, 0.012468528365517824]}