{"A": [24111.0, 11780, 0.169226769442305], "B": [20217.0, 8539, 0.14306882559808262], "C": [14812.0, 6765, 0.10367703421250607], "DMA": [4811.0, 72, 0.04717033838250258], "DMB": [1327.0, 25, 0.012912249884102563], "DOA": [336.0, 19, 0.003438749039169422], "DPA1": [7973.0, 1922, 0.07847226405324928], "DPB1": [5709.0, 1842, 0.05662330373712052], "DQA1": [3275.0, 347, 0.032862928744922394], "DQB1": [2296.0, 819, 0.02184454713709415], "DRA": [13635.0, 24, 0.1373567125398908], "DRB1": [7057.0, 211, 0.06789593637778749], "DRB4": [2162.0, 62, 0.020800767245115002], "E": [8306.0, 2238, 0.05904985362871183], "F": [2790.0, 147, 0.02065426070948225], "HFE": [3121.0, 3, 0.02297223592546041], "L": [88.0, 4, 0.0006187686455387626], "V": [28.0, 3, 0.0004173723446960953], "Y": [7.0, 3, 6.5467688776663e-05], "DPB2": [12.0, 3, 0.00011917240549036152], "DPA2": [1.0, 1, 1.0513618310654903e-05], "W": [3.0, 2, 2.4700263531121937e-05], "J": [3.0, 2, 2.1113649922493274e-05], "DOB": [72.0, 36, 0.0006750203405877412], "H": [3.0, 3, 2.1094385643366912e-05]}