{"A": [26611.0, 12000, 0.1929538825364763], "B": [23323.0, 7967, 0.17051052804938518], "C": [16950.0, 6964, 0.12256798612316473], "DMA": [2959.0, 66, 0.029972093997705222], "DMB": [864.0, 26, 0.008685268075404947], "DOA": [213.0, 17, 0.0022520565627129033], "DPA1": [5811.0, 1183, 0.05908588980927625], "DPB1": [4064.0, 1143, 0.04164159417019549], "DQA1": [1770.0, 237, 0.018348759703573605], "DQB1": [2218.0, 699, 0.021800737706145053], "DRA": [10526.0, 22, 0.10954601845085374], "DRB1": [6031.0, 172, 0.05994479498444025], "DRB4": [1926.0, 60, 0.0191433717691978], "E": [13430.0, 2172, 0.09863735030593272], "F": [2318.0, 114, 0.01772790308891093], "H": [13.0, 6, 9.4433799785805e-05], "HFE": [3243.0, 3, 0.02466010570311371], "L": [94.0, 4, 0.0006828290138358209], "T": [1.0, 1, 1.734530661391693e-05], "V": [29.0, 2, 0.00044658293295521894], "Y": [30.0, 3, 0.0002898602816427622], "W": [9.0, 3, 7.655284361334489e-05], "DPB2": [2.0, 2, 2.0519318906669763e-05], "J": [7.0, 5, 5.089540653015076e-05], "DOB": [87.0, 41, 0.0008426400596271832]}