{"A": [14484.0, 7381, 0.38038134877421464], "B": [1893.0, 1392, 0.05012516003638656], "C": [5216.0, 3010, 0.13661025492481926], "DMA": [667.0, 53, 0.02447013277758949], "DPA1": [1276.0, 504, 0.046991785883733414], "DPB1": [425.0, 254, 0.015772515005728353], "DQB1": [503.0, 277, 0.017906718408725687], "DRA": [1478.0, 16, 0.05571165203435133], "DRB1": [325.0, 58, 0.011699946689642512], "E": [4479.0, 1160, 0.11914746817925052], "H": [4.0, 4, 0.00010524039638858678], "HFE": [3093.0, 3, 0.08518561758566601], "L": [70.0, 4, 0.0018417069368002687], "V": [29.0, 2, 0.001617485860161916], "Y": [13.0, 3, 0.00045493482031085694], "DRB4": [387.0, 36, 0.013931936519666623], "DMB": [158.0, 21, 0.0057526101520892665], "DPA2": [1.0, 1, 3.9339520614560404e-05], "W": [10.0, 1, 0.0003080755193426579], "F": [1018.0, 86, 0.028198764885169345], "DOA": [3.0, 3, 0.00011488393868714253], "DPB2": [1.0, 1, 3.715962449803193e-05], "DOB": [16.0, 11, 0.0005612821140724628], "J": [4.0, 3, 0.00010533650633962658], "DQA1": [78.0, 41, 0.0029286429057511416]}