{"A": [10121.0, 5632, 0.34574305329302674], "B": [1875.0, 1351, 0.06458114944769927], "C": [3326.0, 2105, 0.11330975594824536], "DMA": [622.0, 47, 0.029682482257909877], "DPA1": [1100.0, 471, 0.05269425895165531], "DPB1": [412.0, 264, 0.019888799766898557], "DRA": [1702.0, 16, 0.08345079893056052], "DRB1": [543.0, 74, 0.025427267488612345], "E": [2557.0, 761, 0.08847769990702499], "HFE": [3214.0, 2, 0.11514141677163808], "L": [47.0, 4, 0.0016084948769740106], "V": [10.0, 2, 0.0007255073810294726], "Y": [12.0, 3, 0.0005462436640663651], "DRB4": [309.0, 31, 0.014469660504569456], "DMB": [120.0, 16, 0.005683141151397536], "W": [8.0, 2, 0.00032058744956601484], "J": [7.0, 5, 0.00023978184583978645], "F": [280.0, 44, 0.01008880388835989], "DOB": [17.0, 12, 0.0007757280257747], "DOA": [14.0, 7, 0.0006973734958687016], "H": [4.0, 3, 0.00013689318101906472], "DQA1": [168.0, 61, 0.008205035037330192], "DQB1": [391.0, 219, 0.018106066734933927]}