{"A": [21666.0, 10253, 0.1927659621193297], "B": [18028.0, 6751, 0.16172368228265166], "C": [14334.0, 6045, 0.1271844548274209], "DMA": [2381.0, 62, 0.029593123116361544], "DMB": [685.0, 25, 0.008449272978143584], "DOA": [138.0, 16, 0.0017903504995476608], "DPA1": [4798.0, 1062, 0.05986216685835551], "DPB1": [3212.0, 983, 0.040383919672690914], "DQA1": [1310.0, 211, 0.016663415640745766], "DQB1": [1641.0, 595, 0.01979144545381604], "DRA": [8729.0, 22, 0.1114697455853491], "DRB1": [4371.0, 150, 0.053309209423390035], "DRB4": [1445.0, 51, 0.017623383119834957], "E": [12061.0, 2023, 0.10869460454709066], "F": [1965.0, 105, 0.018440206357482343], "HFE": [3127.0, 3, 0.02917663155669344], "L": [107.0, 4, 0.0009537338020936117], "V": [30.0, 2, 0.0005668715525016351], "Y": [28.0, 3, 0.00033195924733065004], "DPB2": [2.0, 2, 2.5178057787228983e-05], "W": [8.0, 2, 8.349646514055424e-05], "J": [5.0, 4, 4.460770055454267e-05], "DOB": [85.0, 34, 0.001010185335550866], "H": [7.0, 4, 6.239380013696525e-05]}