{"A": [6849.0, 4071, 0.29611790129592924], "B": [7307.0, 3471, 0.31853052998249287], "C": [3398.0, 2032, 0.14651290928881433], "DPA1": [75.0, 64, 0.004547150598137077], "DPB1": [5.0, 4, 0.00030548424867793487], "DRA": [26.0, 7, 0.0016134360239978144], "E": [1778.0, 632, 0.07786500414281534], "HFE": [2705.0, 2, 0.12264798693554027], "V": [9.0, 3, 0.0008264028437155894], "W": [1.0, 1, 5.071821820999047e-05], "Y": [10.0, 3, 0.000576119566074649], "DMB": [5.0, 4, 0.00029969856214994366], "DRB1": [5.0, 5, 0.0002963311625752252], "DMA": [87.0, 24, 0.005254562271343441], "DPA2": [1.0, 1, 6.476432775518565e-05], "J": [3.0, 2, 0.0001300609650535646], "L": [41.0, 3, 0.001775878049294338], "DOB": [65.0, 36, 0.0037538885594839665], "DOA": [2.0, 2, 0.00012608831937463766], "F": [397.0, 55, 0.01810421147078461], "DRB5": [2.0, 2, 0.00011853246503009009], "DRB4": [1.0, 1, 5.9266232515045044e-05], "DQB1": [3.0, 3, 0.0001758231564613003], "DQA1": [4.0, 4, 0.0002472513137737035]}