{"A": [5358.0, 3278, 0.26028310316587583], "B": [7102.0, 3373, 0.3478551159144958], "C": [2760.0, 1716, 0.1337110717295796], "DMA": [220.0, 36, 0.014929516444637483], "DPA1": [214.0, 155, 0.014577988993694434], "DPA2": [1.0, 1, 7.276819995959979e-05], "DPB2": [1.0, 1, 6.873594145668382e-05], "DQB1": [11.0, 11, 0.0007243580200916704], "DRA": [141.0, 12, 0.00983112649728695], "DRB1": [50.0, 38, 0.0033295312465909267], "E": [1623.0, 586, 0.07986101844625232], "HFE": [2019.0, 3, 0.10285732938071693], "V": [7.0, 2, 0.0007221927156532041], "Y": [7.0, 2, 0.00045312334222415835], "DMB": [19.0, 9, 0.001279599394996649], "P": [1.0, 1, 7.286761006883421e-05], "T": [1.0, 1, 0.00011620716899866372], "J": [4.0, 4, 0.00019484599295118408], "L": [26.0, 2, 0.0012653433894434787], "DOB": [25.0, 19, 0.0016222351146711266], "F": [398.0, 60, 0.020392851149869246], "DRB5": [15.0, 12, 0.000998859373977278], "DRB4": [13.0, 8, 0.000865678124113641], "DOA": [3.0, 3, 0.0002125063369338113], "DPB1": [39.0, 33, 0.002677251650251067], "DQA1": [14.0, 11, 0.0009723271718560066], "G": [1.0, 1, 5.24474833533792e-05]}