{"A": [3447.0, 2222, 0.1057429122816418], "B": [1342.0, 950, 0.041508492401823895], "C": [1169.0, 821, 0.03576345895799259], "DMA": [1366.0, 53, 0.05853835003408264], "DMB": [296.0, 20, 0.012588641138258068], "DOA": [39.0, 11, 0.0017445441095012525], "DPA1": [2906.0, 714, 0.12501040777432662], "DPB1": [1125.0, 491, 0.04876899741811862], "DPB2": [4.0, 4, 0.00017362433445075907], "DQA1": [1134.0, 160, 0.04973523317946509], "DQB1": [746.0, 301, 0.031021738492656364], "DRA": [5908.0, 21, 0.26013055971164234], "DRB1": [2829.0, 121, 0.11896323218386054], "DRB4": [628.0, 45, 0.02640823959401358], "E": [1323.0, 469, 0.04110956543247299], "HFE": [1108.0, 2, 0.035645556770639505], "K": [5.0, 4, 0.00015408563990598016], "V": [8.0, 3, 0.000521208833786418], "W": [2.0, 1, 7.197248052018646e-05], "J": [6.0, 6, 0.00018456504593669732], "L": [17.0, 2, 0.0005224571669877768], "DOB": [10.0, 7, 0.00040977032704923676], "P": [1.0, 1, 4.601519246372576e-05], "F": [129.0, 36, 0.004173989043193753], "DRB5": [4.0, 3, 0.0001682053477325706], "DQA2": [8.0, 6, 0.00035086584253590894], "G": [8.0, 8, 0.0002649606362513059], "H": [2.0, 2, 6.14655490573855e-05], "DRB3": [2.0, 2, 8.41026738662853e-05], "Y": [1.0, 1, 4.087757388767871e-05], "DPA2": [2.0, 1, 9.190483187843726e-05]}