{"A": [10698.0, 5663, 0.09277221218406424], "B": [14178.0, 5351, 0.12396661751109024], "C": [6632.0, 3274, 0.057355471954299776], "DMA": [3810.0, 73, 0.04615514171950176], "DMB": [1050.0, 26, 0.012623557908847265], "DOA": [321.0, 20, 0.004059080976768555], "DPA1": [8666.0, 1340, 0.1053839764614143], "DPB1": [4440.0, 1111, 0.05441011082343965], "DPB2": [22.0, 5, 0.00026994707045134363], "DQA1": [4133.0, 290, 0.05124150117945744], "DQB1": [2917.0, 651, 0.034290125089623896], "DRA": [16866.0, 20, 0.20992700993584743], "DRB1": [8664.0, 171, 0.1029920225099865], "DRB4": [2135.0, 56, 0.025379497698386565], "E": [6457.0, 1343, 0.0567177721196644], "HFE": [1152.0, 3, 0.010476674634198121], "P": [4.0, 3, 5.203152674372644e-05], "V": [8.0, 2, 0.00014733879139809577], "W": [3.0, 3, 3.0518491647762624e-05], "Y": [12.0, 3, 0.0001386665445743001], "K": [5.0, 3, 4.355795697210402e-05], "DPA2": [1.0, 1, 1.2990135599047666e-05], "L": [32.0, 3, 0.00027800786552122444], "DOB": [58.0, 30, 0.0006718523416762924], "F": [1141.0, 94, 0.010436444648098283], "J": [4.0, 4, 3.478271924786096e-05], "DQA2": [6.0, 6, 7.438882339142139e-05], "DRB5": [1.0, 1, 1.1887352551937501e-05], "G": [5.0, 5, 4.681302553639104e-05]}